,x,y,z,qx,qy,qz,qw,type,map
0,0.954715936634,-0.506285456911,0.00635804903949,-0.0101451009533,0.00297628803585,0.155643876029,0.987756651454,1.0,1.0
1,1.97850146803,-0.34418876137,0.0153457528803,-0.0180152389049,0.0199507060006,0.182604365511,0.982818938662,1.0,1.0
2,3.02042057952,-0.115181429372,0.0132576238476,-0.0161307172971,0.0165209952838,0.179702219508,0.983450033799,1.0,1.0
3,4.00620630375,0.173688335207,0.014496431019,-0.017092729098,0.0203001243466,0.229490260911,0.972949106434,1.0,1.0
4,5.00230041233,0.637381977805,0.0132568941111,-0.0170242146822,0.0167114542023,0.273314548324,0.961628858285,1.0,1.0
5,5.99684787413,1.02031677809,0.0185383923117,-0.0261689537991,0.0124783549085,0.163923724746,0.986046899991,1.0,1.0
6,7.06209683692,1.31552597707,0.016347238596,-0.0185733218177,0.0211524174152,0.141263849997,0.989571691005,1.0,1.0
7,8.14104722614,1.58850408991,0.00917109522072,-0.0092421376966,0.0146558153776,0.0898526328536,0.995804345409,1.0,1.0
8,9.24988827187,1.69321390877,0.0170945452643,-0.0194089024125,0.0201011140065,0.0428488251848,0.998690751886,1.0,1.0
9,10.2573433964,1.76723984565,0.0151856225564,-0.0144114696384,0.0237373983069,0.0832752050839,0.996139591464,1.0,1.0
10,11.35949829,1.92486389056,0.0101870327228,-0.010884551636,0.0148759072733,0.0860634265651,0.996119129686,1.0,1.0
11,12.4827334521,2.04462245572,0.0146433277344,-0.017328814542,0.0170472822995,0.0806341788241,0.996447304958,1.0,1.0
12,13.542222822,2.16424201211,0.0138785413429,-0.0164566434332,0.0160421583653,0.0617478768235,0.997827153243,1.0,1.0
13,14.6022840317,2.28507769928,0.0140700259508,-0.0160043392658,0.0181207994335,0.107098878904,0.99395438924,1.0,1.0
14,15.6811533046,2.46212830895,0.0178452335002,-0.023576923646,0.0153192621062,0.0872241916657,0.99579184033,1.0,1.0
15,16.7626994149,2.58619442938,-0.0888873538534,-0.00932213812139,0.020219064996,0.0779772788525,0.99670649197,1.0,1.0
16,17.8435553099,2.61836987655,-0.0812055051573,-0.0233242914982,0.0180537108347,0.0077544776902,0.99953484633,1.0,1.0
17,18.8893286823,2.45466768745,-0.077391931898,-0.0258032305944,0.0232133689681,-0.139662352096,0.989590703371,1.0,1.0
18,19.925678439,2.14052751442,-0.0759192780101,-0.0228205303979,0.0293232514454,-0.19247442211,0.980598270012,1.0,1.0
19,20.9090674971,1.67345738227,-0.0746297723083,-0.0276744619013,0.0269209909621,-0.322467313026,0.945792903565,1.0,1.0
20,21.740794306,0.981390741967,-0.0741508568169,-0.0193275089406,0.0341449738879,-0.413316139759,0.909741906681,1.0,1.0
21,22.5287285661,0.223715102149,-0.172217508253,-0.0174222248603,0.038375494746,-0.427270739945,0.903140909421,1.0,1.0
22,23.3057623895,-0.580456980305,-0.190797496337,-0.0180049450067,0.00549382155062,-0.427190778914,0.903965529371,1.0,1.0
23,24.1228986544,-1.19026564376,-0.0974198791164,-0.00395546333236,0.00249823175641,-0.389297926143,0.921100015117,1.0,1.0
24,25.0028189723,-1.86899207296,-0.100506588437,0.0522116133936,0.021726565536,-0.411488721011,0.909658692179,1.0,1.0
25,25.6968346015,-2.628711556,-0.0995893507798,0.045162762366,0.0261480373671,-0.332152854349,0.941780805913,1.0,1.0
26,26.3624138112,-3.52297090083,-0.092413401096,-0.00384944595176,0.0128914727708,-0.333518017841,0.942647719708,1.0,1.0
29,27.8134460759,-4.4366559601,-0.123248734,0.0150312780064,0.0260226788453,-0.363296512457,0.931188769747,1.0,1.0
30,28.2310480385,-5.235159446,-0.3489572984,0.0255614149036,0.0199332976516,-0.361024135361,0.931992946003,1.0,1.0
31,28.4906242,-6.12418031703,-0.43284293874,0.00531045954658,0.0175684350853,-0.418498616591,0.908031969162,1.0,1.0
32,28.6382749377,-7.00039861907,-0.58572389,0.00134759366868,0.0180371727163,-0.471154313301,0.881865328409,1.0,1.0
33,28.7123942571,-7.90532185895,-0.63417092374,-0.0241906026155,0.00610088441068,-0.549860781033,0.834883653832,1.0,1.0
34,28.8233759572,-8.87061859063,-0.8238972935,-0.00769640806945,0.00563044811321,-0.531954081714,0.846719503912,1.0,1.0
35,28.9146281427,-9.82042612013,-1.029834729,-0.00447898618874,0.0103844252727,-0.55855538989,0.829390124621,1.0,1.0
36,28.9294531609,-10.7980706146,-1.1389579823,-0.0104450945942,0.0137852441106,-0.618781792506,0.785372497804,1.0,1.0
37,28.9287339512,-11.894534671,-1.332428973134,-0.000960386976413,0.0208388093037,-0.604012742254,0.79670159337,1.0,1.0
38,28.9088581935,-12.9215956712,-1.4918415151,0.00421000784958,0.0152227855856,-0.638197830257,0.769710381954,1.0,1.0
39,28.8896073269,-13.9477131634,-1.53598732591,0.00329850519387,0.00509170365309,-0.618950669724,0.785406431642,1.0,1.0
40,28.9277714128,-14.9583728787,-1.63975093553,-0.00288907051756,0.019786798968,-0.639852816595,0.768237273864,1.0,1.0
41,28.827435005,-15.9342727722,-1.73895793573,-0.00592304398522,0.00523234433919,-0.727622591898,0.685932142331,1.0,1.0
42,28.7206115828,-16.923003993,-1.83985733035,-0.00798315872457,0.0194898533891,-0.667969239255,0.743890791851,1.0,1.0
43,28.7353018329,-17.9317570872,-1.93285725039,-0.00340292696653,0.00878036541109,-0.638416373004,0.769633588113,1.0,1.0
44,28.7800200385,-19.0005251724,-2.0385739857,-0.0133904826554,0.0227322585732,-0.639044163227,0.76871743628,1.0,1.0
45,28.8275888589,-20.0076899782,-2.15823750319,-0.0109016212329,0.0254168693734,-0.641654360933,0.766495152302,1.0,1.0
46,28.9135061585,-21.0002885001,-2.24309570310,-0.0132662514718,0.0181971195345,-0.64118028695,0.767059783224,1.0,1.0
47,29.0399261587,-22.110445712,-2.33857337530,-0.00863272115748,0.0144307544607,-0.66080327322,0.750370750731,1.0,1.0
48,29.0875056502,-23.1221221876,-2.43592837953,-0.0143967307463,0.0210570019844,-0.66660661885,0.744973122009,1.0,1.0
49,29.1673548942,-24.1229620851,-2.68655685296,-0.00641266418351,0.0261955632857,-0.66260617934,0.74848227855,1.0,1.0
50,29.1766379966,-25.1479866918,-2.68655685296,-0.00921965400693,0.0241307519523,-0.684319016192,0.728725043393,1.0,1.0
51,29.2117083776,-26.2643378951,-2.68655685296,-0.000629357958636,0.0311796115632,-0.646152039235,0.762571293666,1.0,1.0
52,29.2356161237,-27.2676136645,-2.68655685296,-0.015226583019,0.0295960266485,-0.669698245949,0.74188711119,1.0,1.0
53,29.2895323052,-28.2745306225,-2.68655685296,-0.00161568260705,0.0215483763805,-0.645629787273,0.763344767999,1.0,1.0
54,29.3798710651,-29.2774763583,-2.68655685296,-0.00762078161224,0.0200996338573,-0.653312810682,0.756782861728,1.0,1.0
55,29.4219171259,-30.28143424,-2.69233753738,-0.00366505797915,0.0120530991971,-0.676299924212,0.736518637008,1.0,1.0
56,29.4547138413,-31.3677018879,-2.6873130757,-0.00532058349248,0.0196426952651,-0.671366819371,0.740845766514,1.0,1.0
57,29.4863665821,-32.4766107742,-2.69154106686,-0.0148089342438,0.0101098997546,-0.706602284458,0.707383698563,1.0,1.0
58,29.5927589918,-33.5584058729,-2.68195851491,-0.00789605317584,0.0271016390732,-0.697872008919,0.715665992395,1.0,1.0
59,29.6858506244,-34.5934036345,-2.68643344176,-0.0152656901902,0.0184561665047,-0.726726487293,0.68650924341,1.0,1.0
60,29.7836887659,-35.685774309,-2.58099633104,0.0195111396354,0.0341317179411,-0.678797114876,0.733272676497,1.0,1.0
61,29.7925404403,-36.7651727535,-2.58800318522,0.00450726609463,0.0208587690329,-0.697555195587,0.716213198298,1.0,1.0
62,29.7531965513,-37.8302846585,-2.58694126566,-0.00398817341868,0.0205568011395,-0.698801479337,0.715009094261,1.0,1.0
63,29.8000684162,-38.9324989676,-2.57824383101,0.0511221180261,0.0439392968269,-0.603264386633,0.794687326603,1.0,1.0
64,29.7743951941,-39.9635214495,-2.58228931767,0.0109499952442,0.0324944667747,-0.613785006951,0.788728199366,1.0,1.0
65,29.7348509484,-41.0357889123,-2.57870125928,0.0114489358351,0.0381302555456,-0.60345503229,0.796402554921,1.0,1.0
66,29.6391469877,-42.0342330188,-2.58907251013,0.00371916735914,0.0198830605567,-0.624318515584,0.780907947709,1.0,1.0
67,29.5249767471,-43.1217120642,-2.58793891691,0.00456773731298,0.0223137087715,-0.597884649857,0.801258497392,1.0,1.0
68,29.5526938342,-44.1317331319,-2.59052464028,0.00797091808035,0.0205364826203,-0.525672297396,0.850401877407,1.0,1.0
69,29.5850765154,-45.1734465976,-2.48973253511,0.00458878628332,0.0201163871549,-0.550430088175,0.834626258897,1.0,1.0
70,29.5922614059,-46.2741419367,-2.48580518005,0.0138250080413,0.0302802955792,-0.525330029182,0.850247218926,1.0,1.0
71,29.7348938578,-47.2941207862,-2.49466346991,-0.0100176617554,0.00430592099982,-0.484405351168,0.874775720546,1.0,1.0
72,29.8656431755,-48.361107628,-2.48707158255,-0.0178717678373,0.0137309343616,-0.522611286998,0.85227313935,1.0,1.0
73,30.052322784,-49.4272661634,-2.4864392042,-0.0105451919577,0.0189602677131,-0.555825101537,0.831016103139,1.0,1.0
74,30.1567560966,-50.5668800221,-2.4884811,-0.0313732762551,0.00665753892404,-0.650510953674,0.758819407938,1.0,1.0
75,30.2885305886,-51.6136662365,-2.48682576203,-0.0020984803297,0.0216068673327,-0.624081841848,0.781057356626,1.0,1.0
76,30.415457398,-52.6200857354,-2.48653825701,0.0103404633037,0.0261233327442,-0.603720396743,0.796700903013,1.0,1.0
77,30.527484163,-53.6377439999,-2.47987735552,-0.00202714554817,0.0325958754789,-0.593327436057,0.804298422978,1.0,1.0
78,30.6011963167,-54.6584306283,-2.38395353654,-0.00166692634367,0.0264778848351,-0.596414504125,0.802238045869,1.0,1.0
79,30.601502791,-55.6710915382,-2.38798311279,-0.00923894182245,0.0171916426809,-0.632104236409,0.774637543429,1.0,1.0
80,30.617796552,-56.7832550973,-2.38300263317,-0.00802496325572,0.0255320513911,-0.611765598471,0.790586217211,1.0,1.0
81,30.5647759949,-57.9135125036,-2.39273852063,-0.0149111491682,0.0075804028142,-0.676447812948,0.736300585007,1.0,1.0
82,30.5403164068,-59.0136869335,-2.49283368335,-0.0126216599641,0.00834944986936,-0.682314961392,0.730901685486,1.0,1.0
83,30.5613218462,-60.0772149584,-2.48710571435,-0.00628628665175,0.0197177727904,-0.709480318976,0.704421300801,1.0,1.0
84,30.5134344446,-61.1932827074,-2.38459668574,-0.00456189766826,0.0239553056389,-0.73778274674,0.674597621574,1.0,1.0
85,30.4707963625,-62.2785756284,-2.38793366103,0.00126416647721,0.0199437468632,-0.742307497009,0.66976132221,1.0,1.0
86,30.2736955377,-63.2672746493,-2.38785860879,-0.00442012158499,0.0192273571342,-0.81894099346,0.573538508292,1.0,1.0
87,29.9578135119,-64.3041961899,-2.39477442262,0.00712544322156,0.00898989337405,-0.822425252618,0.568757517517,1.0,1.0
88,29.6317167265,-65.3666663157,-2.39078521685,0.0128825019179,0.0155442078239,-0.811121780713,0.584528763707,1.0,1.0
89,29.3980215361,-66.4723112449,-2.38772055611,0.00987728441652,0.0212282346797,-0.754598278298,0.655769196969,1.0,1.0
90,29.3432409365,-67.4751247689,-2.39311989031,0.00258399715133,0.0122852757329,-0.70291930168,0.711158808063,1.0,1.0
91,29.4616949234,-68.507567077,-2.2949072374,0.00533850796302,0.0107469893874,-0.626882240669,0.779021603606,1.0,1.0
92,29.7983391623,-69.5002790672,-2.28988035992,-0.00227738187435,0.016954402466,-0.563774342382,0.825751689457,1.0,1.0
93,30.2031718581,-70.4448680759,-2.29534454822,0.0100366078883,0.0124319125766,-0.564483598787,0.825289634463,1.0,1.0
94,30.5916907076,-71.4990436396,-2.18744704836,0.0022135311314,0.022743156062,-0.564255837284,0.825283708323,1.0,1.0
95,30.8759382188,-72.5378549248,-2.1817176276,-0.00265064855405,0.029459978577,-0.607472049302,0.793790144207,1.0,1.0
96,31.0589226122,-73.6130290074,-2.18419574706,-0.0119162165611,0.0223283326584,-0.656807927506,0.753633064368,1.0,1.0
97,31.1468622414,-74.6073665607,-2.07931453782,-0.00643910116274,0.0314865713889,-0.659122920198,0.751348194826,1.0,1.0
98,31.3083205894,-75.6272108135,-2.07774472304,0.0422309009626,0.0424397645396,-0.635573241659,0.76971557856,1.0,1.0
99,31.3251841493,-76.6953409133,-2.07841559444,0.0148127787091,0.0385650945892,-0.629750313659,0.775698303151,1.0,1.0
100,31.3695563903,-77.6982771372,-2.08105749559,0.0171835866342,0.0362283550185,-0.597511361327,0.800857292985,1.0,1.0
101,31.4704730379,-78.7026878345,-1.98881290531,0.015675119725,0.0251744183863,-0.558974918152,0.8286540775,1.0,1.0
102,31.5875313531,-79.7852812373,-1.98757732593,0.0156973286133,0.0276730508425,-0.540129421769,0.840980382572,1.0,1.0
103,31.6332062034,-80.8047998941,-1.98862159493,0.00813015208196,0.0235689538032,-0.533980732331,0.84512897391,1.0,1.0
104,31.7150622796,-81.8132118706,-1.99045041036,0.0249425449164,0.0283326885839,-0.471137527973,0.881251699542,1.0,1.0
105,31.8116220536,-82.8301566674,-1.89239167861,-0.00120037898778,0.014114894557,-0.421586046281,0.906677745631,1.0,1.0
106,31.9193844694,-83.8987859874,-1.89135459628,-0.0180212522661,0.00483499621683,-0.45553237121,0.890023660392,1.0,1.0
107,31.9690499228,-84.9725538852,-1.88570258601,-0.0368026070463,0.00141646799515,-0.477911496376,0.877635552701,1.0,1.0
108,32.1561188372,-86.007548542,-1.88832336188,-0.0194758856636,0.00985006545303,-0.47580955144,0.879277508439,1.0,1.0
109,32.2667759674,-87.0609001233,-1.88934267012,-0.0213485618963,0.00822635806701,-0.559141625307,0.828756423074,1.0,1.0
110,32.3164664615,-88.1546563564,-1.89486165776,-0.0322199915854,-0.00751343334466,-0.603037012773,0.79702683875,1.0,1.0
111,32.3475255005,-89.2092447547,-1.89955486334,-0.0241618362394,-0.00831700899666,-0.686288880635,0.726880048803,1.0,1.0
112,32.364982373,-90.27776319,-1.89300861943,-0.0150650796831,0.00695390392724,-0.669948185302,0.742222416533,1.0,1.0
113,32.5408221638,-91.311278731,-1.90082823447,-0.0119682354437,-0.00589349113836,-0.663558158205,0.748005747827,1.0,1.0
114,32.7291385215,-92.3109491902,-1.99098071192,-0.00843117031741,0.0129076063754,-0.694358605562,0.719463992113,1.0,1.0
115,32.8969740813,-93.337948003,-1.99352275145,-0.00118849411549,0.0107665585146,-0.694753877744,0.719165987835,1.0,1.0
116,33.1183752612,-94.3762228329,-1.99959054554,-0.00414173667132,-0.000312600409186,-0.717071318782,0.696987426055,1.0,1.0
117,33.3340266196,-95.4381790478,-1.98316995244,0.0104813356222,0.0292561941656,-0.695447116818,0.717904955001,1.0,1.0
118,33.4499944099,-96.5040184658,-1.98761576645,0.0168337539348,0.024071150219,-0.675394888412,0.73687105328,1.0,1.0
119,33.5546895643,-97.5367330151,-1.99653631139,-0.0022071424059,0.00544187094185,-0.700576502377,0.71355313669,1.0,1.0
120,33.601880323,-98.536341386,-2.09074889426,-0.00272576077648,0.0148389455359,-0.756797072432,0.653475758604,1.0,1.0
121,33.4847166462,-99.6526773378,-2.08744480193,0.00581038086389,0.0206957987673,-0.797064142516,0.603511951914,1.0,1.0
122,33.3387066729,-100.686612381,-2.09268187584,0.00822609508585,0.0128910287145,-0.785611731335,0.618530807905,1.0,1.0
123,33.2325823953,-101.714724674,-2.09072550314,0.00563718560919,0.0156864901538,-0.7942221742,0.60739879336,1.0,1.0
124,33.0459411123,-102.734008143,-2.08873487949,0.00460838241844,0.018506544566,-0.813118375325,0.581785852637,1.0,1.0
125,32.7757038419,-103.712705637,-2.09360287524,0.00392109000594,0.0109129793679,-0.807011384009,0.590422016878,1.0,1.0
126,32.4782962503,-104.802202864,-2.10155941567,-0.00467076677997,-0.0030134241857,-0.831177039131,0.55598006514,1.0,1.0
127,32.1502156828,-105.799526644,-2.09577926547,0.00258397868008,0.00706633239088,-0.853146569241,0.521617025597,1.0,1.0
128,31.7294798717,-106.809744703,-2.09364730325,-0.00083992076282,-0.0104829729511,0.891206360751,-0.453476156339,1.0,1.0
129,31.1527814289,-107.774748361,-2.0923996272,-0.00591695315808,-0.0118458165868,0.909664176087,-0.41513341595,1.0,1.0
130,30.405621542,-108.598204982,-2.09163785441,0.00117944980963,-0.0141221729754,0.938392024262,-0.345281887638,1.0,1.0
131,29.5941835604,-109.383947879,-2.08987670239,-0.00690077705409,-0.0152230773029,0.953013274267,-0.302467082944,1.0,1.0
132,28.8112729215,-110.020367119,-2.09759558436,-0.00451561359843,-0.00283052955253,0.970371792718,-0.241557821717,1.0,1.0
133,27.9470351147,-110.534577052,-2.10417805333,-0.00629588257174,0.0106884725047,0.985346490166,-0.170112941116,1.0,1.0
134,27.0684514917,-111.093253445,-2.11436023154,-0.0213678260406,0.0464260866312,0.991608919514,-0.118742516524,1.0,1.0
135,26.1142977167,-111.502911331,-2.11210571435,-0.0216790448647,0.0485474305588,0.998585419188,-0.000571475833275,1.0,1.0
136,25.1429927265,-111.800155716,-2.10717919432,-0.0224053893452,0.0407043755746,0.995016151224,0.0882270431425,1.0,1.0
137,24.1418234792,-111.903159276,-2.08404596271,-0.012890410665,-0.0216891700884,0.9981363885,0.0555622818666,1.0,1.0
138,23.1298401876,-112.123843561,-2.0906076462,-0.0119366822577,-0.0102092832164,0.996303578441,0.0844539267176,1.0,1.0
139,22.0361482153,-112.325568094,-2.09186766189,-0.0158151326553,-0.00507780774082,0.998708833762,0.0480079453182,1.0,1.0
140,21.0397021908,-112.455137852,-2.19650808727,-0.0151310315014,0.00699351993264,0.980037842128,0.198111005653,1.0,1.0
141,20.0015063596,-112.292248657,-2.19665590905,-0.0143583302373,0.00660557570387,0.979023683734,0.203132546408,1.0,1.0
142,18.9526402904,-112.230217774,-2.19710056191,-0.00177241845508,-0.00473211695909,0.997048770978,0.0766042681191,1.0,1.0
143,17.8913138186,-112.324752139,-2.19414912655,-0.00689826771747,-0.00708095025581,0.999247578469,0.0375040127176,1.0,1.0
144,16.8667994998,-112.432172552,-2.19018941066,-0.0127164888402,-0.0106502589293,0.999028894318,0.0408182705971,1.0,1.0
145,15.8360756907,-112.561794934,-2.19444374421,-0.0108041525674,-0.00299226560811,0.990672850616,0.135799925205,1.0,1.0
146,14.775455293,-112.591661345,-2.19505504288,-0.00712620499894,-0.0051761798475,0.999411657679,0.0331475920548,1.0,1.0
147,13.7717877856,-112.665520409,-2.1887505535,-0.0218181897773,-0.00603143990938,0.996832756428,0.0762367630491,1.0,1.0
148,12.7624139677,-112.656204716,-2.19304294196,-0.0134989746046,-0.00455291244848,0.998973453696,0.0430010172275,1.0,1.0
149,11.7441023411,-112.704284255,-2.19734066804,-0.00849076132334,0.000429925894656,0.999072271989,0.0422175020361,1.0,1.0
150,10.6481718881,-112.733256006,-2.18956931157,-0.0155476601966,-0.00999220707756,0.99964953614,0.0189533890038,1.0,1.0
151,9.55621714704,-112.81834164,-2.20069769919,-0.00913002174603,0.00739993593713,0.999929092884,-0.0019216801927,1.0,1.0
152,8.48508699686,-112.931300028,-2.19396748265,-0.0156731085742,-0.00170650997063,0.999872320521,-0.00260463942554,1.0,1.0
153,7.4179451445,-112.991253433,-2.19882628427,-0.00733530311511,0.00260357426146,0.999367940138,0.034686235793,1.0,1.0
154,6.3384345279,-113.092603421,-2.20234613234,-0.0103451518691,0.011884216067,0.999875735025,-0.000507690583897,1.0,1.0
155,5.27159695141,-113.21970951,-2.1991805383,-0.0100303016737,0.00452463222923,0.999587041133,-0.0265455824913,1.0,1.0
156,4.2042741415,-113.403175396,-2.20047278365,-0.0104702906095,0.0070365364948,0.998327069743,-0.0564262526361,1.0,1.0
157,3.13296826524,-113.634997015,-2.19519311664,-0.0057501096342,-0.00605640163303,0.997514927694,-0.069958739742,1.0,1.0
158,2.08535369568,-113.866802933,-2.19717765838,-0.0128737726765,0.00232318207009,0.999443253405,-0.0306928660309,1.0,1.0
159,1.03306268989,-114.061965336,-2.1967697103,-0.00710144507212,-0.0021904604742,0.999330339945,-0.0358279642967,1.0,1.0
160,-0.000820887732881,-114.2697055,-2.29647055254,-0.0130765102528,0.00159686577081,0.999878808188,0.00829601324166,1.0,1.0
161,-1.04966042488,-114.369048685,-2.29224957021,-0.00985620926094,-0.0087635417872,0.999478930507,0.0294605320139,1.0,1.0
162,-2.08722433725,-114.501772352,-2.29527272591,-0.0179892278801,0.00202954383617,0.999324197619,-0.0319908843999,1.0,1.0
163,-3.10640086939,-114.751157517,-2.30050041869,-0.0101072820693,0.00607753051572,0.993607785872,-0.112269650069,1.0,1.0
164,-4.11762338354,-115.020269444,-2.29218280836,-0.0114105633298,-0.00824159029154,0.999242308208,-0.0362861505279,1.0,1.0
165,-5.14271333889,-115.213008949,-2.29422639778,-0.0168302726551,-0.0013317673967,0.997913644947,-0.0623163345086,1.0,1.0
166,-6.1281350214,-115.477772455,-2.28600778538,-0.0128526048698,-0.0184174273756,0.997939996154,-0.0600947001998,1.0,1.0
167,-7.12175454347,-115.622111982,-2.29549385378,-0.0081308561383,-0.00375435522034,0.999908860261,0.010102730698,1.0,1.0
168,-8.19878697671,-115.734334562,-2.2881573152,-0.012997358646,-0.0141677942455,0.997726118739,0.0645982527605,1.0,1.0
169,-9.31186552071,-115.72920132,-2.29569680124,-0.00870185557203,-0.00219365377452,0.992023235071,0.125735303997,1.0,1.0
170,-10.3133200724,-115.676296488,-2.28948271315,-0.0108420093502,-0.0131825915898,0.995770829549,0.0902725048512,1.0,1.0
171,-11.3068592707,-115.80345287,-2.31040984881,-0.0142341120299,0.0358280065679,0.999158664201,0.0139895587026,1.0,1.0
172,-12.3220391487,-115.980566175,-2.28365920211,-0.0165494248275,-0.0201044174538,0.999592376501,-0.0117051175835,1.0,1.0
173,-13.3077614222,-116.209102048,-2.193400128,-0.00874851328337,-0.00779469983596,0.996327831264,-0.084814850219,1.0,1.0
174,-14.2896056077,-116.444782024,-2.19553085182,-0.00858787793689,-0.00387164549047,0.997702498641,-0.0670893651657,1.0,1.0
175,-15.2942730851,-116.615782143,-2.19263544422,-0.00906161065587,-0.00902579236005,0.995861010908,-0.0899848278165,1.0,1.0
176,-16.2913569487,-116.869541149,-2.198958488,-0.0117141048972,0.00619791817663,0.999275623177,0.0356734422397,1.0,1.0
177,-17.3634777161,-116.905784641,-2.08893537325,-0.00910090937919,-0.0154367097026,0.996897984724,-0.0766373896627,1.0,1.0
178,-18.3648483718,-116.854318333,-2.09230370715,-0.0161047588115,-0.00299216195214,0.992251574279,0.123160452464,1.0,1.0
179,-19.3816660864,-116.587672192,-2.09246041055,-0.0142682673581,-0.00402914343977,0.98893710128,0.147592656533,1.0,1.0
180,-20.3904902599,-116.341075917,-2.1940114728,-0.0137616940144,-0.00200596048558,0.996901602095,0.0774195559348,1.0,1.0
181,-21.4245610184,-116.206787972,-2.19773822067,-0.0141739087565,0.00525123643931,0.999672664458,0.0206419175772,1.0,1.0
182,-22.4596300463,-116.058873709,-2.1982649214,-0.0143922293551,0.0081121188781,0.995200207541,0.0964551925603,1.0,1.0
183,-23.4829357758,-115.784404647,-2.1948705969,-0.0145028315342,0.00120177421945,0.991433737504,0.129797410434,1.0,1.0
184,-24.4602342353,-115.503372711,-2.29346251812,-0.0190700435216,0.00282659448814,0.988829879016,0.147796529627,1.0,1.0
185,-25.4643746792,-115.152193225,-2.2920323191,-0.0185864453873,-0.00066972823114,0.987189749455,0.158462910748,1.0,1.0
186,-26.4666807518,-114.932238598,-2.29293643294,-0.0208432365802,0.000565331243207,0.999554041448,0.0213765786588,1.0,1.0
187,-27.4807816974,-114.867911901,-2.29892537541,-0.0167809324118,0.00924584102104,0.99979631597,-0.00634360332915,1.0,1.0
188,-28.4918254912,-114.937621689,-2.29920703228,-0.0104128375411,0.00346200605185,0.991104057495,-0.1326360982,1.0,1.0
189,-29.555135621,-115.079049319,-2.29966415197,-0.00734515741166,0.00320534695863,0.996396316574,-0.0844402435531,1.0,1.0
190,-30.598120782,-115.169611534,-2.30089550632,-0.00844410212105,0.00577623517766,0.991924053139,-0.126419955113,1.0,1.0
191,-31.6458124908,-115.423882639,-2.20241191753,-0.0107531612851,0.00877068915164,0.978099276378,-0.207675829317,1.0,1.0
192,-32.6648434167,-115.64460612,-2.19492419081,-0.00559223841709,-0.00682137269728,0.988852446521,-0.148637258969,1.0,1.0
193,-33.7248618949,-115.860870105,-2.19598842428,-0.0184279318737,0.001285409292,0.987608872182,-0.155844392383,1.0,1.0
194,-34.7548196284,-116.065253712,-2.2016369192,-0.0130997923751,0.00929055957873,0.987802475383,-0.154881730912,1.0,1.0
195,-35.7796396753,-116.359555694,-2.19957623944,-0.00930536607909,0.00236159175416,0.969091739877,-0.246513757727,1.0,1.0
196,-36.7065363791,-116.76033885,-2.20817221703,-0.0190046862608,0.0257520570644,0.98237459853,-0.184162432706,1.0,1.0
197,-37.7077866787,-116.947579377,-2.30197213212,-0.016900165748,0.0142076949757,0.997138543948,-0.0722997231909,1.0,1.0
198,-38.7614029751,-116.952033208,-2.29592853967,-0.0167232053685,0.00410938086337,0.998376636771,0.0542912381571,1.0,1.0
199,-39.8093939961,-116.823659318,-2.29828786662,-0.0147409304411,0.00990354838322,0.987732898532,0.155139762332,1.0,1.0
200,-40.8686873289,-116.581847668,-2.2955419933,-0.0159457873262,0.00335380570438,0.995543833349,0.0928814283663,1.0,1.0
201,-41.8618249202,-116.250553291,-2.39911268747,-0.018909604049,0.019337960499,0.975616886226,0.21780762491,1.0,1.0
202,-42.8084731655,-115.885124097,-2.39836931145,-0.0241962923277,0.0204653337212,0.989554516712,0.140632741594,1.0,1.0
203,-43.769296391,-115.551871104,-2.39457302041,-0.0175471954075,0.00426908695243,0.985604038917,0.168102793848,1.0,1.0
204,-44.7327730237,-115.207172756,-2.39561581681,-0.0182051058835,0.00737429365777,0.986160081153,0.164628333687,1.0,1.0
205,-45.7371667357,-114.838247431,-2.40120271262,-0.0100560279323,0.0128941499212,0.982852140494,0.183668960702,1.0,1.0
206,-46.6732613332,-114.422696321,-2.39950511846,-0.00664619069123,0.00566126247527,0.973069582408,0.230346187397,1.0,1.0
207,-47.5955159089,-113.962167372,-2.30083187701,-0.00585055518803,0.00804908740599,0.975103006166,0.221529028713,1.0,1.0
208,-48.5159247421,-113.50941785,-2.29885209602,-0.00769301862446,0.00536248171042,0.96959466266,0.244536809898,1.0,1.0
209,-49.423972184,-113.009506768,-2.29846570872,-0.00950000042364,0.00685535663331,0.963661078671,0.266870904244,1.0,1.0
210,-50.3140919167,-112.471370803,-2.29237297575,-0.015978444335,-0.000224945247103,0.950761861277,0.309510132076,1.0,1.0
211,-51.1723100538,-111.935444209,-2.29287892915,-0.0168642874289,0.00206938085045,0.954222834195,0.298613623557,1.0,1.0
212,-52.0553987711,-111.377355673,-2.19314744676,-0.0126000025487,-0.00226305555478,0.940795472591,0.338732929115,1.0,1.0
213,-52.8859495759,-110.728104954,-2.19585284642,-0.0118975048036,0.00427284948723,0.939160100702,0.34324699181,1.0,1.0
214,-53.6999485397,-110.120144426,-2.19696991152,-0.0107227832264,0.00575401088605,0.940108915806,0.340656923754,1.0,1.0
215,-54.5194038083,-109.539374235,-2.18970001587,-0.0194528534895,-0.00202255286421,0.940414167243,0.339468245673,1.0,1.0
216,-55.3301507006,-108.910058549,-2.19109536099,-0.0185455252162,0.000819123619623,0.933726913522,0.357504466399,1.0,1.0
217,-56.1418948905,-108.306848696,-2.09344708502,-0.0120576780884,-0.00234336354633,0.94641118312,0.322730527704,1.0,1.0
218,-57.0348256131,-107.62599373,-2.09252750924,-0.0151811032547,-0.000316338002632,0.938302778243,0.345481302498,1.0,1.0
219,-57.8496700341,-107.036502714,-2.09674610946,-0.0081508317027,0.00131342871655,0.947997914585,0.318169440376,1.0,1.0
220,-58.6883255583,-106.455726793,-2.09291486247,-0.004774739737,-0.0122121209616,0.948056503129,0.317831610821,1.0,1.0
221,-59.5970744757,-105.829826668,-2.09715659614,-0.00571655145075,-0.000669008077623,0.949922310931,0.312433155512,1.0,1.0
222,-60.4688168064,-105.152532372,-2.09332878515,-0.010246903671,-0.00488626860322,0.944173467987,0.329253075449,1.0,1.0
223,-61.37965312,-104.534665607,-2.09257743828,-0.0144194145792,-0.00223493441417,0.963272325044,0.268129657732,1.0,1.0
224,-62.3026244287,-103.907084035,-2.09089162553,-0.015402320846,-0.00418820740243,0.931290810669,0.36392671432,1.0,1.0
225,-63.1449411986,-103.207069073,-2.09243913397,-0.00899591526998,-0.00862420148324,0.945340970402,0.325845279751,1.0,1.0
226,-64.0617032686,-102.609017761,-2.09132041161,-0.013891604945,-0.00563508010503,0.954730388784,0.297094520173,1.0,1.0
227,-64.9853183116,-102.029142513,-2.09382601149,-0.00532131445393,-0.00922084084887,0.962784487872,0.270060529547,1.0,1.0
228,-65.838687187,-101.508109206,-2.18519215212,-0.0340090125828,0.0104684918374,0.923664920978,0.381545425208,1.0,1.0
229,-66.691853493,-100.972626464,-2.08436198063,-0.0448362716471,0.0498799261648,0.88991385544,0.45117073443,1.0,1.0
230,-67.5588470729,-100.348321135,-2.18940978059,-0.0269086913414,0.0212307330952,0.850538813254,0.524794155313,1.0,1.0
231,-68.4599242828,-99.7627619995,-2.19502880591,-0.0131451283133,0.00991336764533,0.833423054671,0.552390208717,1.0,1.0
232,-69.3359307296,-99.2364246412,-2.19584210556,-0.00765133740456,0.000354423967407,0.804110270916,0.594430823248,1.0,1.0
233,-70.229340442,-98.5944129703,-2.19541946579,-0.0080990737271,-0.000767589068198,0.835814972041,0.548950952566,1.0,1.0
234,-71.1563246473,-98.0362132438,-2.09307279822,-0.0148095091035,0.00512037076002,0.839538736733,0.543073816132,1.0,1.0
235,-71.974773672,-97.4477696012,-2.09706426407,-0.00344562408552,-0.00411878942804,0.846679094043,0.532076756642,1.0,1.0
236,-72.8268705892,-96.8305136241,-2.08996823663,-0.0149835032453,-0.0064256418306,0.82903800966,0.558954545824,1.0,1.0
237,-73.6712204568,-96.2208757222,-2.0970966819,-0.00441439515281,-0.00213054480397,0.859616842461,0.510915705426,1.0,1.0
238,-74.5010439471,-95.6059950919,-2.09839372738,-0.00189781146203,-0.00215043297762,0.878454565183,0.47781727769,1.0,1.0
239,-75.3254243954,-94.9733491813,-1.99325236656,-0.0031162274632,-0.0163784624704,0.863797360696,0.503563456525,1.0,1.0
240,-76.2254857561,-94.3264101715,-1.99594334557,-0.00752733356319,-0.00108630753963,0.916784920104,0.399308864734,1.0,1.0
241,-77.0744694261,-93.7610774982,-1.99411219478,-0.0089529410953,-0.00420782978596,0.909491940064,0.415603837774,1.0,1.0
242,-77.9046500712,-93.1799972448,-1.99466216246,-0.0032681625104,-0.0098522272693,0.942175724534,0.334958440453,1.0,1.0
243,-78.8734618622,-92.6622426601,-1.89613058553,-0.00758167996686,-0.00115885896216,0.954349224354,0.298594596651,1.0,1.0
244,-79.8062959463,-92.1313580991,-1.89224136148,-0.0143136793713,-0.00278725568498,0.952987607084,0.302658174402,1.0,1.0
245,-80.6506737094,-91.5846829262,-1.89271733079,-0.0148492534181,2.75113715504e-05,0.931262542347,0.364046118147,1.0,1.0
246,-81.5466673711,-90.936585485,-1.89533003239,-0.0112249959525,0.00206237328724,0.933839631495,0.357509844243,1.0,1.0
247,-82.4557637065,-90.3122575271,-1.89210369484,-0.0103576809534,-0.00785675814925,0.953459172367,0.301241757439,1.0,1.0
248,-83.3873630037,-89.7059336743,-1.89749533478,-0.0115840303959,0.00864573321104,0.938945743888,0.343761474822,1.0,1.0
249,-84.3046501624,-89.064265986,-1.89689134826,-0.00547005314106,-0.00171546618963,0.955393860267,0.295279033219,1.0,1.0
250,-85.1651615903,-88.4481382953,-1.8939440119,-0.015290835964,0.00383039620497,0.937654417104,0.34721133692,1.0,1.0
251,-86.0493656208,-87.8385046792,-1.89609152691,-0.0118846978282,0.00441293549456,0.948590788584,0.316251159319,1.0,1.0
252,-86.9301212655,-87.2157622058,-1.89512426337,-0.00620056563642,-0.00526967530605,0.954785364787,0.297184607099,1.0,1.0
253,-87.8518482675,-86.6704670433,-1.8990690173,-0.00530997782804,0.00329110663303,0.968701392585,0.248150326931,1.0,1.0
254,-88.7488617397,-86.08858481,-1.89689520257,-0.00563095952836,-0.00145290502157,0.950144228688,0.311756517259,1.0,1.0
255,-89.6172860706,-85.4924534751,-1.89533554296,-0.00845227619696,-0.00213413870618,0.953895009985,0.300013857022,1.0,1.0
256,-90.4799373059,-84.8564067,-1.89383724581,-0.0117081734309,-0.00188748018603,0.950158972812,0.311540177951,1.0,1.0
257,-91.3613033917,-84.2362886104,-1.99294473247,-0.00777574028892,-0.00873311236752,0.95824403958,0.285712497488,1.0,1.0
258,-92.2402056492,-83.6146221285,-1.99804775511,-0.00866648090373,0.0049422288244,0.959894969014,0.280182288779,1.0,1.0
259,-93.100316806,-82.9686824788,-1.99405780487,-0.00690535706023,-0.00703864006151,0.96679145558,0.255376300796,1.0,1.0
260,-94.014862114,-82.5357002039,-1.9797810768,-0.0576588228291,0.0699342049536,0.912179754315,0.399640792395,1.0,1.0
261,-94.9088900582,-81.9159875859,-1.99271132393,-0.0273962047895,0.0302553217481,0.894549201367,0.445101999324,1.0,1.0
262,-95.8208619809,-81.3705786967,-1.98951420299,-0.026603489409,0.0193370096817,0.858644721471,0.511514981889,1.0,1.0
263,-96.7238478001,-80.7432282241,-1.99582070905,-0.00620294739313,-0.00326883629592,0.822319884251,0.568982289811,1.0,1.0
264,-97.58403162,-80.1034369411,-1.99824658028,-0.00332194796608,-5.70464402902e-05,0.85360377813,0.520912230005,1.0,1.0
265,-98.4846551243,-79.5414702096,-1.99337423897,-0.00844599704229,-0.00741404153764,0.85529607446,0.518017685157,1.0,1.0
266,-99.3211368004,-78.8529449428,-1.991975785,-0.00844795699708,-0.0115861103421,0.869915800671,0.492991778646,1.0,1.0
267,-100.187370217,-78.2514425603,-1.99521497369,-0.00976917170884,0.00095616927883,0.883025045716,0.469223206654,1.0,1.0
268,-101.041336506,-77.6013368524,-1.99347008449,-0.00950175604802,-0.00521912196581,0.90579807717,0.423570915897,1.0,1.0
269,-101.895435333,-77.0474229163,-1.98684791125,-0.0162633281495,-0.0134460814325,0.912722395905,0.408034967943,1.0,1.0
270,-102.748182749,-76.4724250435,-1.99160004136,-0.0148030653008,-0.00267901416295,0.915197276164,0.402725263477,1.0,1.0
271,-103.630259022,-75.9209719531,-1.99706057878,-0.00280633335946,-0.00446464857506,0.930459323925,0.366357254503,1.0,1.0
272,-104.560366872,-75.3222759366,-1.9925743196,-0.0112617580548,-0.00533751179093,0.927332214125,0.374031614197,1.0,1.0
273,-105.412368547,-74.7757309009,-1.99031385872,-0.0126790278774,-0.00936802316706,0.930905487548,0.364919793443,1.0,1.0
274,-106.232364381,-74.2081414639,-1.89139896526,-0.0139360545212,-0.00449192100217,0.910831251187,0.41251914003,1.0,1.0
275,-107.033787242,-73.5788119121,-1.89069733938,-0.00975139377452,-0.0122060919768,0.92538476524,0.378706955178,1.0,1.0
276,-107.954980923,-72.9902779244,-1.88867008736,-0.0161684598324,-0.00882630289691,0.919878342691,0.391770994244,1.0,1.0
277,-108.808936843,-72.2765154365,-1.89017851277,-0.0173718701884,-0.00148376604059,0.873053880046,0.487311952553,1.0,1.0
278,-109.422158793,-71.4519372501,-1.89392033096,-0.00974219092548,-0.00292976467675,0.826898827256,0.562258691065,1.0,1.0
279,-109.916585064,-70.4496755979,-1.88370020516,-0.0244973020819,-0.00781481568209,0.72455139792,0.688740940136,1.0,1.0
280,-110.165906331,-69.4788077894,-1.89283090803,-0.0126109225414,0.00276422965023,0.686434379595,0.727077139083,1.0,1.0
281,-110.337787525,-68.4319609366,-1.89213126405,-0.0139859295712,0.0043401625774,0.683229214301,0.730057119333,1.0,1.0
282,-110.463009822,-67.3548029453,-1.88951007955,-0.0173461092824,0.00138725784761,0.634812018875,0.772470639377,1.0,1.0
283,-110.443078163,-66.3264522364,-1.79203924147,-0.0131427908182,0.000752744690806,0.572495912768,0.81980188478,1.0,1.0
284,-110.272736242,-65.2720204217,-1.79222398614,-0.0128135815603,0.0025574801454,0.534072491497,0.845337710769,1.0,1.0
285,-110.018682626,-64.235540818,-1.79262446035,-0.011745205881,0.00875858212478,0.497605773801,0.867279557731,1.0,1.0
286,-109.682787403,-63.2547987166,-1.79084026878,-0.0142669427079,0.00753953464471,0.445139518223,0.895315820859,1.0,1.0
287,-109.232801398,-62.2782791514,-1.69174759346,-0.0125807284642,0.0079628585875,0.415107765287,0.909650406119,1.0,1.0
288,-108.734778296,-61.3696050282,-1.68803889025,-0.0188124375349,0.00417951179695,0.367070118542,0.929993630058,1.0,1.0
289,-108.148238697,-60.5533614113,-1.6904964394,-0.0146627624697,0.00531411165299,0.316346386695,0.948515538744,1.0,1.0
290,-107.444063197,-59.7489722196,-1.69343684647,-0.0100363291935,0.00462087313322,0.300129040966,0.953834617948,1.0,1.0
291,-106.743340652,-58.9861928072,-1.6886682934,-0.0159032233795,0.011807136891,0.315487764182,0.94872290457,1.0,1.0
292,-106.06546358,-58.238900771,-1.69072329744,-0.0117942168494,0.0158249404779,0.342835741639,0.939188012042,1.0,1.0
293,-105.40263993,-57.4470867593,-1.68853737307,-0.0153633962294,0.0173786105274,0.378630947371,0.925257021398,1.0,1.0
294,-104.780605194,-56.6441127513,-1.69014299253,-0.0135461805841,0.015286343588,0.394553026704,0.918646143959,1.0,1.0
295,-104.193757949,-55.8086574115,-1.69046172614,-0.0145106583789,0.00748416933407,0.384109484548,0.923143180597,1.0,1.0
296,-103.583215613,-55.0038342382,-1.69484648211,-0.00671350657747,0.00984487968527,0.354381456498,0.935025021303,1.0,1.0
297,-102.85022535,-54.1935826715,-1.69394875384,-0.00780276304092,0.0107351396962,0.334421955293,0.942330000309,1.0,1.0
298,-102.119853268,-53.3454114076,-1.69291425958,-0.00916740419138,0.0120733780256,0.33556089708,0.941896531788,1.0,1.0
299,-101.400819423,-52.5273433677,-1.69339724368,-0.00891641886363,0.0109123392151,0.361012254058,0.93245459447,1.0,1.0
300,-100.744822081,-51.6829995785,-1.69111948856,-0.0122868592216,0.0123676277984,0.363099965006,0.931587081429,1.0,1.0
301,-100.079891451,-50.8575619772,-1.69479223635,-0.006187974302,0.0127435859646,0.36286478181,0.931734114494,1.0,1.0
302,-99.4257248898,-50.0344969865,-1.69173716826,-0.0112346486304,0.0122467435695,0.354531205613,0.934896477792,1.0,1.0
303,-98.7341106959,-49.3014417216,-1.68906241164,-0.0175198509312,0.00260966128428,0.329270201468,0.944069583726,1.0,1.0
304,-98.009065793,-48.5089361138,-1.68861029437,-0.0158815135626,0.0125601678557,0.326498903049,0.944980680236,1.0,1.0
305,-97.2712319267,-47.7394772695,-1.68570285209,-0.0190430318148,0.018574963115,0.350074480376,0.936344056357,1.0,1.0
306,-96.599026851,-46.8915674776,-1.69580977365,-0.00510295491518,0.0104348654236,0.368972758255,0.92936762215,1.0,1.0
307,-95.8979057645,-46.0795462037,-1.68918831306,-0.0157627449973,0.0103536170503,0.357224924416,0.93382797766,1.0,1.0
308,-95.21529102,-45.2812240074,-1.69063105698,-0.0129152390471,0.0119726556493,0.336931272636,0.941364525376,1.0,1.0
309,-94.48037272,-44.4661595737,-1.69646266244,-0.00401865293645,0.00939274415468,0.344543749487,0.938714669895,1.0,1.0
310,-93.7843269804,-43.6466812074,-1.69110371907,-0.0130336726906,0.0095859091001,0.375434808752,0.926707579606,1.0,1.0
311,-93.1250390608,-42.8591885705,-1.69481282208,-0.00701181583512,0.00914282434441,0.363932915775,0.93135389408,1.0,1.0
312,-92.5363723294,-42.0572531365,-1.59040999141,-0.0137368318964,0.0116356904884,0.378927510393,0.925251237245,1.0,1.0
313,-91.8783842511,-41.2644972088,-1.59057603873,-0.0135882403599,0.00947126530695,0.330380576202,0.94370245826,1.0,1.0
314,-91.2322653489,-40.465344175,-1.59183564153,-0.0112823561358,0.0102857888227,0.32130663782,0.946852129681,1.0,1.0
315,-90.4941724678,-39.7457607596,-1.49103181079,-0.01179452264,0.011449944172,0.262906704169,0.964681218288,1.0,1.0
316,-89.78995423,-38.9966600741,-1.48781889217,-0.0160583660322,0.0163530748429,0.325910611693,0.945122732247,1.0,1.0
317,-89.0824014484,-38.164062917,-1.49309545517,-0.00894363425033,0.0126687786625,0.356879936393,0.934021533185,1.0,1.0
318,-88.4516186398,-37.3339082461,-1.59119301273,-0.0130574127408,0.00873454335118,0.374522210505,0.927084853486,1.0,1.0
319,-87.8192340407,-36.4814438346,-1.49262390139,-0.0106884120472,0.00805537812095,0.340193079337,0.940260356232,1.0,1.0
320,-87.125620932,-35.6690798239,-1.49251172858,-0.0105297290587,0.00862000964832,0.306914768829,0.951639713817,1.0,1.0
321,-86.4340876252,-34.9087973692,-1.49298833499,-0.00788955146554,0.0151881217024,0.314345543324,0.949154336938,1.0,1.0
322,-85.7132025248,-34.0900333218,-1.49401780873,-0.00715741223821,0.0129376555585,0.340056350256,0.940288821145,1.0,1.0
323,-85.0576834036,-33.2468878809,-1.4908831813,-0.0118470139845,0.0159637354763,0.36831718255,0.929487633295,1.0,1.0
324,-84.4350437491,-32.3901776715,-1.49195038873,-0.0121601392239,0.00684338330209,0.362804761283,0.931760701205,1.0,1.0
325,-83.8161735636,-31.5398859772,-1.49253715188,-0.00911510769061,0.0156739806038,0.359429988099,0.932995886807,1.0,1.0
326,-83.1909982854,-30.6684176727,-1.49343630854,-0.00638127932611,0.0195646761955,0.351284344065,0.936042633823,1.0,1.0
327,-82.5282904707,-29.8524288058,-1.49374372325,-0.008250007836,0.0103202211188,0.33433436784,0.942361905474,1.0,1.0
328,-81.8656938177,-29.0481346483,-1.49068553212,-0.0128309097574,0.0114343074584,0.320973185533,0.946932330495,1.0,1.0
329,-81.177853168,-28.2686957954,-1.49146655666,-0.0104791003538,0.0148980270461,0.313259230581,0.949492965588,1.0,1.0
330,-80.4889858177,-27.4154255483,-1.49126177845,-0.0121018025485,0.0118710384378,0.355489680585,0.934526463948,1.0,1.0
331,-79.8615336706,-26.5564842388,-1.49353399664,-0.00903306451161,0.00925720377698,0.356155580359,0.934337150339,1.0,1.0
332,-79.2636956409,-25.7040415022,-1.49371186431,-0.00781605344155,0.0142048180039,0.378174485402,0.925592346039,1.0,1.0
333,-78.6634048937,-24.8988425868,-1.49168242938,-0.0110377028028,0.0124698670598,0.331946884004,0.943151068351,1.0,1.0
334,-78.0137519874,-24.1345509386,-1.48747654276,-0.0179288922148,0.0111815276117,0.31302860193,0.949508621677,1.0,1.0
335,-77.2923950503,-23.3332962043,-1.48909051167,-0.0156392888855,0.0104587040784,0.321290997398,0.946793601131,1.0,1.0
336,-76.6423452419,-22.5193690143,-1.49454500782,-0.00806587827128,0.00557792115394,0.330793591537,0.943652175434,1.0,1.0
337,-75.9660755704,-21.7090643496,-1.3937776683,-0.00737800198269,0.0116260729933,0.286645413401,0.957937788423,1.0,1.0
338,-75.2695839847,-20.9583228079,-1.39113937248,-0.011126412663,0.0143427018744,0.308338893869,0.951103367869,1.0,1.0
339,-74.5250758911,-20.1486389383,-1.3954291126,-0.00468376645006,0.0118630324522,0.303913593159,0.952614223432,1.0,1.0
340,-73.8128087342,-19.3937147127,-1.29413596502,-0.00887991174688,0.00438753809628,0.271103964724,0.962499110123,1.0,1.0
341,-73.0220329761,-18.6509773528,-1.2888186083,-0.0143055475817,0.0157804019242,0.29766920623,0.954431440118,1.0,1.0
342,-72.3112198216,-17.7768335604,-1.29017022215,-0.0145138670878,0.00762692044379,0.289215248293,0.957123669074,1.0,1.0
343,-71.6117302597,-17.0309427997,-1.29185982905,-0.0088825311104,0.0171183403898,0.296530764702,0.954828554584,1.0,1.0
344,-70.9391632727,-16.2529843711,-1.29202684491,-0.00956123867493,0.0150516520885,0.317191248367,0.948193937148,1.0,1.0
345,-70.2846646718,-15.4301305817,-1.29399790079,-0.00862049161097,0.00733494686345,0.34258050074,0.939420292623,1.0,1.0
346,-69.6354697114,-14.6315383415,-1.19553308005,-0.00458027466255,0.0115485280499,0.301751099804,0.953305788481,1.0,1.0
347,-68.9251196701,-13.8902628752,-1.19572955943,-0.00380601166188,0.0127530778423,0.29685612629,0.954829468316,1.0,1.0
348,-68.2427853706,-13.1306629975,-1.20112639875,0.00584289938866,0.0119054600615,0.272994899124,0.961924064362,1.0,1.0
349,-67.4968790176,-12.4321663225,-1.19840237376,0.00124088780566,0.0109564302056,0.213702151238,0.976836632908,1.0,1.0
350,-66.6078679784,-11.7831151353,-1.19233964433,-0.00958164204682,0.0100762173671,0.186124717122,0.982427733554,1.0,1.0
351,-65.7959503072,-11.1923532724,-1.19518916027,-0.00223414385475,0.0146568678016,0.160788937086,0.986877450618,1.0,1.0
352,-64.9169015487,-10.6932487579,-1.19259601744,-0.00566718993974,0.0162348232498,0.128742203325,0.99152900036,1.0,1.0
353,-63.9410594983,-10.1858225734,-1.29449520907,-0.00236822607653,0.0159547378999,0.128747361856,0.991546244337,1.0,1.0
354,-63.0323806772,-9.59856364113,-1.3982392981,-0.000324624768949,0.00801748023006,0.222700729784,0.974853834984,1.0,1.0
355,-62.1882349127,-8.95745249664,-1.39466938645,-0.00634544714178,0.00803928510132,0.177217694489,0.984118384116,1.0,1.0
356,-61.2651029429,-8.38215559375,-1.49309003516,-0.00869769190483,0.00855145498172,0.139984305113,0.990078591373,1.0,1.0
357,-60.2917481258,-7.85570440889,-1.48932229638,-0.0134974783928,0.0122628811036,0.145317415953,0.989217007762,1.0,1.0
358,-59.3341817298,-7.33608555954,-1.49316686464,-0.00801717090011,0.0093372628352,0.106245821168,0.994263730596,1.0,1.0
359,-58.3859216891,-6.90776248431,-1.50223368508,0.0111155731935,0.0124243830555,0.101474186348,0.99469848107,1.0,1.0
360,-57.3223706628,-6.63750570577,-1.49229826433,-0.00852530385646,0.0118290901723,0.137104900326,0.990449210271,1.0,1.0
361,-56.2588887786,-6.35050741219,-1.4941514724,-0.00668982685284,0.00860472189709,0.118924395048,0.992843488794,1.0,1.0
362,-55.1869813157,-6.13754868737,-1.38772498517,-0.0109795882793,0.021858488731,0.115818033642,0.992969203045,1.0,1.0
363,-54.1687334837,-5.93916614549,-1.38848529136,-0.00871515661477,0.022561359405,0.0851104420006,0.99607793057,1.0,1.0
364,-53.1019276468,-5.77702350228,-1.38859963274,-0.0118098381092,0.017082228553,0.08912963664,0.995803511273,1.0,1.0
365,-52.039479405,-5.61432951641,-1.38604153964,-0.0146235587569,0.0198973441838,0.0875569503993,0.995853416754,1.0,1.0
366,-50.9392121885,-5.49587474575,-1.38417571206,-0.020272587444,0.0154281148957,0.0988403904726,0.994777147245,1.0,1.0
367,-49.8479628893,-5.34796927258,-1.38375420544,-0.0201684572134,0.0163482917006,0.0359124497492,0.999017648816,1.0,1.0
368,-48.8051254947,-5.27783105108,-1.28834073382,-0.0115521706402,0.0176062751687,0.0504086421677,0.998506652568,1.0,1.0
369,-47.7248818929,-5.13242310975,-1.28884697819,-0.0143980631367,0.0112140482361,0.048334002984,0.998664490735,1.0,1.0
370,-46.6735057203,-5.07038827753,-1.28484460778,-0.0195250296979,0.0141160638747,-0.000956051838829,0.999709255694,1.0,1.0
371,-45.6200716423,-5.07042109722,-1.28951265238,-0.0106173724259,0.0150450014595,0.00260568563636,0.999827049912,1.0,1.0
372,-44.5759066301,-5.00744250539,-1.19210977852,-0.00462493362957,0.0170515336524,0.022273224524,0.999595797639,1.0,1.0
373,-43.5110328577,-4.92093377359,-1.18662172169,-0.0128176509726,0.0205798522596,0.0554121403005,0.998169160119,1.0,1.0
374,-42.436854243,-4.78311746541,-1.18135363596,-0.0229667439324,0.0183789186041,0.029001778946,0.999146456152,1.0,1.0
375,-41.3442625563,-4.70467152342,-1.18646247249,-0.0130392305437,0.0200923760469,0.0244363882263,0.999414397446,1.0,1.0
376,-40.264184042,-4.60786855301,-1.18370339916,-0.0164851204071,0.0228320947545,0.0545887323101,0.99811172048,1.0,1.0
377,-39.2193041407,-4.4378085019,-1.1853958354,-0.0147371793041,0.0210608930974,0.0612156724541,0.997793513596,1.0,1.0
378,-38.1099147971,-4.25674197645,-1.19075768523,-0.00988571615644,0.0132080614089,0.0531852121632,0.998448372695,1.0,1.0
379,-37.0917763103,-4.16249470957,-1.18483625849,-0.0185315158323,0.0157136469831,-0.00322884349976,0.999699574267,1.0,1.0
380,-36.0676790577,-4.12279289209,-1.28530620598,-0.0152037990725,0.0197645779337,0.0141881147412,0.999588366956,1.0,1.0
381,-34.9678996944,-4.00360102812,-1.28452561456,-0.0170833559882,0.019356327709,0.0417143138095,0.998795978941,1.0,1.0
382,-33.8588626754,-3.84583878815,-1.2859643987,-0.0156801856264,0.0173651276641,0.0254055228396,0.999403393795,1.0,1.0
383,-32.8052676791,-3.73771714144,-1.28994744513,-0.0103044800513,0.0144598293191,0.0158236794844,0.99971713109,1.0,1.0
384,-31.7923874012,-3.64615538672,-1.28742413014,-0.0110599668157,0.0203644003115,0.0192609824724,0.999545888335,1.0,1.0
385,-30.7744061577,-3.52975078257,-1.29030431884,-0.00940574933394,0.0148768099288,0.0187954142964,0.99966841743,1.0,1.0
386,-29.6820131626,-3.41932613767,-1.28843649424,-0.0104168762218,0.0185852759974,0.0200635814258,0.999571672721,1.0,1.0
387,-28.6649284956,-3.33214023122,-1.29051918626,-0.00973318955533,0.0134228631157,-0.0103502023503,0.999808964292,1.0,1.0
388,-27.5748721228,-3.21520977437,-1.28485269346,-0.0185001402988,0.0160323863972,0.038990547299,0.998939660148,1.0,1.0
389,-26.5294522416,-3.05961803177,-1.28787437329,-0.0101479377143,0.0203828523593,0.0134554285149,0.999650193885,1.0,1.0
390,-25.4592558251,-2.90408637756,-1.38725954075,-0.0133091263402,0.0176254202945,0.0346898567271,0.999154054966,1.0,1.0
391,-24.4477361932,-2.75442762915,-1.3879254764,-0.0160239758542,0.0110705329331,0.0181947380168,0.999644750402,1.0,1.0
392,-23.3527448728,-2.70198278859,-1.38719251711,-0.0142729606997,0.0153521433999,-0.0624823271688,0.997825913212,1.0,1.0
393,-22.2329851157,-2.68451205509,-1.39950423863,0.00791925248344,0.0123836350471,-0.0359464626418,0.999245606869,1.0,1.0
394,-21.1840539267,-2.67151164705,-1.4026922181,0.0146229096271,0.0161272838561,0.0946530292694,0.99527226691,1.0,1.0
395,-20.158422718,-2.64004437068,-1.39106038316,-0.00781783987584,0.0165147559185,0.0932557616156,0.995474513557,1.0,1.0
396,-19.1243635991,-2.65669030657,-1.38682999418,-0.0181650022367,0.0108075000064,0.0896436851438,0.995749587171,1.0,1.0
397,-18.1169800574,-2.60387842329,-1.3853742128,-0.0181815087122,0.0157190609565,0.105810295701,0.994095833,1.0,1.0
398,-17.0016733795,-2.47261590194,-1.39289783745,-0.00532990157827,0.0161438682549,0.140366095616,0.989953699356,1.0,1.0
399,-15.9875781581,-2.32831889057,-1.39030158284,-0.0083237078824,0.0190185752026,0.134026533633,0.99076026261,1.0,1.0
400,-14.9708361625,-2.29137395059,-1.38898827384,-0.0127349728969,0.0144233199147,0.106325045135,0.994145247479,1.0,1.0
401,-13.8993532429,-2.19330965466,-1.48852812847,-0.010802739329,0.0193675057861,0.102648027495,0.994470503833,1.0,1.0
402,-12.7686023387,-2.08739362969,-1.4884094019,-0.0120454153437,0.0179989268078,0.125640720048,0.991839380176,1.0,1.0
403,-11.6806681857,-1.94171322587,-1.48757367423,-0.0147698690077,0.0154240016135,0.123076836545,0.992167346494,1.0,1.0
404,-10.6005115301,-1.79248176043,-1.49072758274,-0.00775613566889,0.0178613366489,0.101853898199,0.994608766518,1.0,1.0
405,-9.53169634586,-1.64761932763,-1.49281963656,-0.00651287690119,0.0141673393737,0.143145846622,0.989578766711,1.0,1.0
406,-8.48528175129,-1.47911306789,-1.48466316651,-0.0180501894949,0.0183995123482,0.115039160695,0.993026505241,1.0,1.0
407,-7.4759757009,-1.31086714473,-1.48293386303,-0.0208677361921,0.0181028144805,0.0907713566644,0.99548851651,1.0,1.0
408,-6.4663522628,-1.19891301642,-1.48296163155,-0.0233734902303,0.0131071856958,0.0770977002458,0.996663346499,1.0,1.0
409,-5.4707406384,-1.09984497448,-1.48357991966,-0.0196351610215,0.0175867032345,0.0190159825309,0.999471640783,1.0,1.0
410,-4.41253945397,-1.05320788798,-1.4861625406,-0.017888748283,0.012944110681,-0.0471778688033,0.998642424183,1.0,1.0
411,-3.36589475978,-0.979130950282,-1.39768557643,-0.000270497154111,0.00700135958276,0.00565185994232,0.999959481316,1.0,1.0